Metric,Value
R² Score,0.9141522385206249
Explained Variance,0.9142938443677295
MAE,2067.74452208133
RMSE,5039.3177148762525
